Gotowiec Inwestycyjny - 9% ROI, œwietna lokalizacja-centrum Wroc³awia,b'https://www.olx.pl/oferta/gotowiec-inwestycyjny-9-roi-swietna-lokalizacja-centrum-wroclawia-CID3-IDDeJ26.html#e2a7a95653',498500z³,Mieszkania»Sprzeda¿,
Ciche mieszkanie obok Renomy salon z aneksem + sypialnia/one bed flat,b'https://www.olx.pl/oferta/ciche-mieszkanie-obok-renomy-salon-z-aneksem-sypialnia-one-bed-flat-CID3-IDCKXwa.html#e2a7a95653',2100z³,Mieszkania»Wynajem,
przestronne 4-pokojowe mieszkanie blisko centrum miasta 73 m2,b'https://www.olx.pl/oferta/przestronne-4-pokojowe-mieszkanie-blisko-centrum-miasta-73-m2-CID3-IDBumyL.html#e2a7a95653',2400z³,Mieszkania»Wynajem,
Wynajmê 2 pokojowy apartament w centrum Wroc³awia,b'https://www.olx.pl/oferta/wynajme-2-pokojowy-apartament-w-centrum-wroclawia-CID3-IDAXzLN.html#e2a7a95653',2600z³,Mieszkania»Wynajem,
Wynajmê mieszkanie 2 pokoje - centrum Wroc³awia,b'https://www.olx.pl/oferta/wynajme-mieszkanie-2-pokoje-centrum-wroclawia-CID3-IDD6emr.html#e2a7a95653',1400z³,Mieszkania»Wynajem,
3 pokoje | 60m2 | NOWE BUD. | obok Parku Wschodniego | DU¯Y TARAS |,b'https://www.olx.pl/oferta/3-pokoje-60m2-nowe-bud-obok-parku-wschodniego-duzy-taras-CID3-IDDjH45.html#e2a7a95653',2200z³,Mieszkania»Wynajem,Wroc³aw,Krzyki
Do wynajêcia 2-pokojowe mieszkanie na Krzykach,b'https://www.olx.pl/oferta/do-wynajecia-2-pokojowe-mieszkanie-na-krzykach-CID3-IDDjGk9.html#e2a7a95653',1900z³,Mieszkania»Wynajem,
CENTRUM, obok SKY TOWERA, Apartament 2pok, 60m2 w RONDO VERONA z 2010,b'https://www.olx.pl/oferta/centrum-obok-sky-towera-apartament-2pok-60m2-w-rondo-verona-z-2010-CID3-IDBbfBY.html#e2a7a95653',2200z³,Mieszkania»Wynajem,
Apartament w cichym zau³ku przy auli Leopoldina,b'https://www.otodom.pl/oferta/apartament-w-cichym-zaulku-przy-auli-leopoldina-ID446TZ.html?',3400z³,Mieszkania»Wynajem,Wroc³aw,StareMiasto
Zamieniê kawalerkê w centrum Wroc³awia...,b'https://www.olx.pl/oferta/zamienie-kawalerke-w-centrum-wroclawia-CID3-IDCXndj.html#e2a7a95653',None,Mieszkania»Zamiana,Wroc³aw,StareMiasto
Nowe mieszkanie 3 pokojowe z piêknym widokiem,b'https://www.olx.pl/oferta/nowe-mieszkanie-3-pokojowe-z-pieknym-widokiem-CID3-IDARqu2.html#e2a7a95653',2300z³,Mieszkania»Wynajem,Wroc³aw,Fabryczna
Du¿y BALKON|Tylko 6 700z³/m2|17min Dworzec|4Q2020,b'https://www.otodom.pl/oferta/duzy-balkon-tylko-6-700zl-m2-17min-dworzec-4q2020-ID44k97.html?',320000z³,Mieszkania»Sprzeda¿,Wroc³aw
Mieszkanie 3 pokojowe na wynajem,b'https://www.olx.pl/oferta/mieszkanie-3-pokojowe-na-wynajem-CID3-IDDjFs1.html#e2a7a95653',2100z³,Mieszkania»Wynajem,Donegocjacji
*2 Pok. Nowe Osiedle*Fabryczna/Muchobór Ma³y*,b'https://www.olx.pl/oferta/2-pok-nowe-osiedlefabryczna-muchobor-maly-CID3-IDDjFkO.html#e2a7a95653',2200z³,Mieszkania»Wynajem,Wroc³aw,Fabryczna
Do wynajêcia kawalerka 38m2 z gara¿em od zaraz ul. OboŸna,b'https://www.olx.pl/oferta/do-wynajecia-kawalerka-38m2-z-garazem-od-zaraz-ul-obozna-CID3-IDCBYsd.html#e2a7a95653',1700z³,Mieszkania»Wynajem,Wroc³aw,Krzyki
Barlickiego: 3 pokoje Po Remoncie w 2019!,b'https://www.otodom.pl/oferta/barlickiego-3-pokoje-po-remoncie-w-2019-ID44je2.html?',439000z³,Mieszkania»Sprzeda¿,Wroc³aw,Œródmieœcie
2 pok*Gara¿/Balkon*tylko u nas*Krzyki/ul.Cukrowa*,b'https://www.olx.pl/oferta/2-pokgaraz-balkontylko-u-naskrzyki-ul-cukrowa-CID3-IDDjEKY.html#e2a7a95653',1800z³,Mieszkania»Wynajem,Wroc³aw,Krzyki
Mieszkanie 2 pokoje 57 mkw, ogródek 40mkw, Krzyki,b'https://www.otodom.pl/oferta/mieszkanie-2-pokoje-57-mkw-ogrodek-40mkw-krzyki-ID44k6g.html?',460000z³,Mieszkania»Sprzeda¿,Wroc³aw,Krzyki
Do wynajêcia dwa odrêbne pokoje na Z³otnikach,b'https://www.olx.pl/oferta/do-wynajecia-dwa-odrebne-pokoje-na-zlotnikach-CID3-IDDhPSq.html#e2a7a95653',1400z³,Mieszkania»Wynajem,
Mieszkanie 67m2 na skrzy¿owaniu Hallera i Powstañców Œl¹skich,b'https://www.olx.pl/oferta/mieszkanie-67m2-na-skrzyzowaniu-hallera-i-powstancow-slaskich-CID3-IDDjEtn.html#e2a7a95653',487000z³,Mieszkania»Sprzeda¿,Wroc³aw,Krzyki
2 pokoje | OBORNICKA | blisko Marino | BALKON | nowe budownictwo |,b'https://www.olx.pl/oferta/2-pokoje-obornicka-blisko-marino-balkon-nowe-budownictwo-CID3-IDDjExP.html#e2a7a95653',2100z³,Mieszkania»Wynajem,Wroc³aw,StareMiasto
2-pokojowe mieszkanie na Kêpie - Dmowskiego 17 Amsterdam,b'https://www.olx.pl/oferta/2-pokojowe-mieszkanie-na-kepie-dmowskiego-17-amsterdam-CID3-IDDjEjV.html#e2a7a95653',2000z³,Mieszkania»Wynajem,Wroc³aw,Krzyki
***Wysoki standard, Apartament, obok SKY TOWER ***,b'https://www.otodom.pl/oferta/wysoki-standard-apartament-obok-sky-tower-ID43WsC.html?',2100z³,Mieszkania»Wynajem,Wroc³aw,Krzyki
3 pok w pe³nym rozk³adzie na Ró¿ance,b'https://www.otodom.pl/oferta/3-pok-w-pelnym-rozkladzie-na-rozance-ID43cYH.html?',390000z³,Mieszkania»Sprzeda¿,Wroc³aw,PsiePole
Mieszkanie 2 - pokojowe do wynajêcia,b'https://www.olx.pl/oferta/mieszkanie-2-pokojowe-do-wynajecia-CID3-IDDjDPp.html#e2a7a95653',1800z³,Mieszkania»Wynajem,Brakzdjêcia
Fajne mieszkanie tu¿ obok Ronda na Powst. ŒL,b'https://www.otodom.pl/oferta/fajne-mieszkanie-tuz-obok-ronda-na-powst-sl-ID44k6w.html?',325000z³,Mieszkania»Sprzeda¿,Wroc³aw,Krzyki
*2 Pok*Nowy Blok 2016*Gara¿ *od 1.03*Krzyki/Tarnogaj*,b'https://www.olx.pl/oferta/2-poknowy-blok-2016garaz-od-1-03krzyki-tarnogaj-CID3-IDDjDkP.html#e2a7a95653',1850z³,Mieszkania»Wynajem,Wroc³aw,Krzyki
KuŸniki 2 pokoje Wolne Od Zaraz!!!,b'https://www.otodom.pl/oferta/kuzniki-2-pokoje-wolne-od-zaraz-ID44k5s.html?',318000z³,Mieszkania»Sprzeda¿,Wroc³aw,Fabryczna
2 pokoje | 42m2 | PIERWSZY NAJEM | balkon | blisko PARK STASZICA |,b'https://www.olx.pl/oferta/2-pokoje-42m2-pierwszy-najem-balkon-blisko-park-staszica-CID3-IDDjD2v.html#e2a7a95653',2100z³,Mieszkania»Wynajem,Wroc³aw,StareMiasto
Mieszkanie 2 pok. do wynajêcia na Gaju,b'https://www.olx.pl/oferta/mieszkanie-2-pok-do-wynajecia-na-gaju-CID3-IDDgjnB.html#e2a7a95653',2000z³,Mieszkania»Wynajem,
WYSPA S£ODOWA | Kawalerka | 29 m2 | ul. POMORSKA | Centrum,b'https://www.olx.pl/oferta/wyspa-slodowa-kawalerka-29-m2-ul-pomorska-centrum-CID3-IDDjCF4.html#e2a7a95653',1149z³,Mieszkania»Wynajem,Wroc³aw,Œródmieœcie
Legnicka 4 - apartamentowiec/apartment for rent,b'https://www.otodom.pl/oferta/legnicka-4-apartamentowiec-apartment-for-rent-ID44jK7.html?',3500z³,Mieszkania»Wynajem,Wroc³aw,StareMiasto
Kawalerka, ul. Legnicka/Stacyjna do wynajêcia,b'https://www.olx.pl/oferta/kawalerka-ul-legnicka-stacyjna-do-wynajecia-CID3-IDC8nt9.html#e2a7a95653',1500z³,Mieszkania»Wynajem,Wroc³aw,Fabryczna
3 Pokoje Na Ró¿ance!!! Po Kapitalnym Remoncie!!!,b'https://www.otodom.pl/oferta/3-pokoje-na-rozance-po-kapitalnym-remoncie-ID444Uj.html?',439000z³,Mieszkania»Sprzeda¿,Wroc³aw,PsiePole
Kawalerka/blisko centrum,b'https://www.otodom.pl/oferta/kawalerka-blisko-centrum-ID44k4Q.html?',1600z³,Mieszkania»Wynajem,Wroc³aw,StareMiasto
Kawalerka z balkonem,b'https://www.olx.pl/oferta/kawalerka-z-balkonem-CID3-IDDjBfM.html#e2a7a95653',1925z³,Mieszkania»Wynajem,Wroc³aw,Fabryczna
sprzedam 3 pokoje, 59m, Zakrzów, osobna kuchnia,b'https://www.olx.pl/oferta/sprzedam-3-pokoje-59m-zakrzow-osobna-kuchnia-CID3-IDANlsl.html#e2a7a95653',400000z³,Mieszkania»Sprzeda¿,
Kawalerka z charakterem na Kar³owicach.,b'https://www.otodom.pl/oferta/kawalerka-z-charakterem-na-karlowicach-ID44k3I.html?',220000z³,Mieszkania»Sprzeda¿,Wroc³aw,PsiePole
KAWALERKA | ul. Opolska | Krzyki | KSIÊ¯E MA£E,b'https://www.olx.pl/oferta/kawalerka-ul-opolska-krzyki-ksieze-male-CID3-IDDjAvs.html#e2a7a95653',1199z³,Mieszkania»Wynajem,Wroc³aw,Krzyki
Wykoñczone pod klucz, do wprowadzenia PROMENADY,b'https://www.otodom.pl/oferta/wykonczone-pod-klucz-do-wprowadzenia-promenady-ID44jYs.html?',420000z³,Mieszkania»Sprzeda¿,Wroc³aw,PsiePole
Klimatyczne mieszkanie 2 pokoje Stab³owice ul. G³ówna na wynajem,b'https://www.olx.pl/oferta/klimatyczne-mieszkanie-2-pokoje-stablowice-ul-glowna-na-wynajem-CID3-IDDjArT.html#e2a7a95653',1500z³,Mieszkania»Wynajem,Wroc³aw,Fabryczna
Mieszkanie 2 pokoje centrum Wroc³awia,b'https://www.olx.pl/oferta/mieszkanie-2-pokoje-centrum-wroclawia-CID3-IDCVZWH.html#e2a7a95653',2100z³,Mieszkania»Wynajem,Wroc³aw,StareMiasto
2pok. PIERWSZY NAJEM! blisko Pl. Kromera/So³tysowicka, gara¿, TANIO!,b'https://www.olx.pl/oferta/2pok-pierwszy-najem-blisko-pl-kromera-soltysowicka-garaz-tanio-CID3-IDDjA1V.html#e2a7a95653',1750z³,Mieszkania»Wynajem,Wroc³aw,Œródmieœcie
Przytulna Kawalerka/Krzyki-Gaj,b'https://www.otodom.pl/oferta/przytulna-kawalerka-krzyki-gaj-ID44k1Q.html?',1500z³,Mieszkania»Wynajem,Wroc³aw,Krzyki
